"","created_at","text"
"1",2020-07-28,"the coronavirus outbreak is accelerating a push to digitize india's foodrationing system"
"2",2020-07-28,"the number of people looking for employment through nigeria's biggest recruiting website has jumped fivefold since the start of the covid pandemic highlighting the struggle faced by many in africa's largest economy"
"3",2020-07-28,"tokyo confirms about new cases of coronavirus nikkei reports that's more than twice the cases the japanese capital found monday"
"4",2020-07-28,"global potential economic growth is set to drop in coming years due to fallout from the covid pandemic surrounding a rise in unemployment and a cooling of investment by companies according to fitch ratings ltd"
"5",2020-07-28,"gold extended its recordbreaking rally with futures touching an ounce for the first time ever and silver surged as a plunge in the dollar and the fallout from the coronavirus pandemic boost demand for havens"
"6",2020-07-28,"coronavirus latest cases exceed million deaths pass globally australia's largest companies are heading into one of the worst reporting seasons beijing reports one new confirmed case its first in days"
"7",2020-07-28,"beijing reported one new coronavirus case on tuesday its first in days reflecting the fragility of the chinese capital's success at stamping out infections earlier this month"
"8",2020-07-28,"new jersey gym owners arrested after defying governor's covid order"
"9",2020-07-28,"texas adds people to its tally of deaths from covid bringing the total to after state discovers missing data"
"10",2020-07-28,"gop coronavirus bill includes money for washington fbi building"
"11",2020-07-28,"the coronavirus outbreak is accelerating a push to digitize india's foodrationing system"
"12",2020-07-27,"pfizer and biontech said they would begin a laterstage trial for their top coronavirus vaccine candidate with a goal of submitting it for regulatory review as soon as october"
"13",2020-07-27,"mexico's leader began the week by changing the subject away from covid to the pampered excesses of his rivals"
"14",2020-07-27,"as congress debates a new stimulus package covid cases are rising and america's economic recovery is slowing"
"15",2020-07-27,"companies are leaving argentina en masse and it's not just the coronavirus pandemic's fault via bw"
"16",2020-07-27,"kenya extends a night curfew and bans alcohol sales in restaurants after covid cases more than doubled"
"17",2020-07-27,"business is booming for covidprenuers and health workers both praise the suppliers and blame them for price gouging and occasional dishonest dealing"
"18",2020-07-27,"new jersey gym owners arrested after defying governor's covid order"
"19",2020-07-27,"belgium limits leisurely contact with no more than five other people for the next four weeks after an uptick in coronavirus cases"
"20",2020-07-27,"latest white house says nsa adviser robert o'brien who was diagnosed with coronavirus has not seen trump since going on vacation with his family"
"21",2020-07-27,"the miami marlins canceled their home opener after at least players tested positive for covid"
"22",2020-07-27,"the uk confirms its first case of a pet cat testing positive for coronavirus"
"23",2020-07-27,"the uk has fined just three people for breaking quarantine rules in a bid to prevent the spread of coronavirus"
"24",2020-07-27,"latest national security advisor robert o'brien has tested positive for covid he is the closest aid to trump to be diagnosed with the virus"
"25",2020-07-27,"companies are leaving argentina en masse and it's not just the coronavirus pandemic's fault"
"26",2020-07-27,"moderna climbed after getting another round of us funding for a covid vaccine study"
"27",2020-07-27,"breaking trump's national security advisor robert o'brien has tested positive for covid"
"28",2020-07-27,"the south korean pharmaceutical company backed by bill gates may be capable of producing million coronavirus vaccine kits by next june the microsoft cofounder says"
"29",2020-07-27,"gold hits a record sen mcconnell expected to unveil the gop coronavirus stimulus plan today coronavirus outbreaks flare up in china and spain subscribe to our things newsletter to see what is moving markets everyday"
"30",2020-07-27,"should you wear a face mask how far apart should you keep from others put your covid knowledge to the test"
"31",2020-07-27,"india's coronavirus epidemic is now growing at the fastest pace in the world infections have increased over the last week to more than million confirmed cases"
"32",2020-07-27,"how do people catch covid here's what experts are saying about the route of contagion"
"33",2020-07-27,"after an outbreak at a farm in bavaria germany is facing very concerning trends of rising coronavirus infections the country's publichealth authority warns"
"34",2020-07-27,"zimbabwe suspends most parliamentary business after two lawmakers tested positive for the coronavirus"
"35",2020-07-27,"european companies are fending off insolvency as support from central banks softens damage from coronavirus lockdowns"
"36",2020-07-27,"total coronavirus infections in indonesia surge past after an easing of socialdistancing rules to allow economic activity"
"37",2020-07-27,"the who unveils its first digital health worker to combat covid misinformation and smoking meet florence"
"38",2020-07-27,"these elite contact tracers show the world how to beat covid"
"39",2020-07-27,"the eu is letting its member countries suspend import duties on medical equipment needed to fight the coronavirus for three more months"
"40",2020-07-27,"european equities extend last week's drop as new virus data suggests setbacks in global efforts to contain the coronavirus pandemic"
"41",2020-07-27,"just in hong kong will ban all dinein services at restaurants require masks outdoors and limit public gatherings to two people as the city's worstever coronavirus outbreak shows no sign of abating"
"42",2020-07-27,"the south korean pharmaceutical company backed by bill gates may be capable of producing million coronavirus vaccine kits by next june the microsoft cofounder said"
"43",2020-07-27,"the coronavirus pandemic may be a drag on economies across the globe but in japan it's bringing longoverdue change in work habits and tools manual entry fax machines and approval stamps are going away"
"44",2020-07-27,"some of australia's most beleaguered stocks during the coronavirus pandemic could emerge from the crisis as earnings winners according to analysts"
"45",2020-07-27,"india's coronavirus epidemic is now growing at the fastest pace in the world infections have increased over the last week to more than million confirmed cases"
"46",2020-07-27,"china reported the most number of domestic coronavirus infections in more than four months as it battles outbreaks in its western and northeastern regions raising fears of a serious resurgence"
"47",2020-07-27,"coronavirus latest health officials across the globe grapple with second waves of the pandemic australia's victoria state records new covid cases china records the largest number of domestic infections in more than four months"
"48",2020-07-27,"president trump has reset his approach to the coronavirus in a bid to revive sinking poll numbers but with days until the election his campaign may need more than a change in tone to reverse its slide"
"49",2020-07-27,"south china morning post is dropping its free online model after months of political unrest and the coronavirus pandemic hit advertising revenue"
"50",2020-07-27,"vietnamese authorities are warning of new novel coronavirus risks from illegal entries into the country"
"51",2020-07-27,"singapore airlines is poised for another hefty quarterly loss after the coronavirus left it flying a tiny fraction of its usual number of passengers"
"52",2020-07-27,"these elite contact tracers show the world how to beat covid"
"53",2020-07-27,"australia's victoria state reports daily record of new covid cases"
"54",2020-07-27,"the list of us companies that blamed covid for helping to push them into bankruptcy has grown to more than"
"55",2020-07-27,"the south korean pharmaceutical company backed by bill gates may be capable of producing million coronavirus vaccine kits by next june the microsoft cofounder said"
"56",2020-07-27,"breaking australia's victoria state reports daily record of new coronavirus cases"
"57",2020-07-27,"oil was little changed in asia as signs of an easing in coronavirus cases across the us south were countered by ongoing diplomatic tensions between the trump administration and china"
"58",2020-07-27,"coronavirus outbreak live updates and news for july"
"59",2020-07-26,"at the start of the coronavirus outbreak philippine president rodrigo duterte said the disease would die a natural death five months later the pandemic is raging the economy is facing a deep contraction and his political future could be at stake"
"60",2020-07-26,"the coronavirus pandemic may be a drag on economies across the globe but in japan it's bringing longoverdue change in work habits and tools"
"61",2020-07-26,"president trump has reset his approach to the coronavirus in a bid to revive sinking poll numbers but with days until the election his campaign may need more than a change in tone to reverse its slide"
"62",2020-07-26,"how soon could a covid vaccine actually arrive"
"63",2020-07-26,"how close are we to a treatment or vaccine for coronavirus we're tracking the experimental products drugmakers and doctors are trying via business"
"64",2020-07-26,"these elite contact tracers show the world how to beat covid"
"65",2020-07-26,"should you wear a face mask how far apart should you keep from others put your covid knowledge to the test"
"66",2020-07-26,"the south korean pharmaceutical company backed by bill gates may be capable of producing million coronavirus vaccine kits by next june the microsoft cofounder said"
"67",2020-07-26,"there will be another wave and it will be very serious most of the world may face covid without a vaccine"
"68",2020-07-26,"spain is scrambling to stay ahead of new outbreaks of the coronavirus that prompted the uk to impose a quarantine on travelers returning from the country"
"69",2020-07-26,"the euro area economy is set for a sprightlier recovery from crisis than the us thanks to starkly different responses to the coronavirus"
"70",2020-07-26,"mexico is raising its estimate for the death toll for about twothirds of the country by between midmarch and late june following the coronavirus outbreak according to health officials"
"71",2020-07-26,"how do people catch covid here's what experts say"
"72",2020-07-26,"president trump has reset his approach to the coronavirus in a bid to revive sinking poll numbers but with days until the election his campaign may need more than a change in tone to reverse its slide"
"73",2020-07-26,"unsung immune cells take over when coronavirus antibodies wane"
"74",2020-07-26,"europe's economy for once is set for a stronger recovery from crisis than the us thanks to starkly different responses to the coronavirus"
"75",2020-07-26,"the african development bank approved loans and grants for several nations to ward off the coronavirus pandemic"
"76",2020-07-26,"florida reports new coronavirus cases"
"77",2020-07-26,"the uk pauses reporting coronavirus deaths to review methodology"
"78",2020-07-26,"more americans are wearing masks to avoid covid infection"
"79",2020-07-26,"how do people catch covid here's what experts say"
"80",2020-07-26,"unsung immune cells take over when coronavirus antibodies wane"
"81",2020-07-26,"how do people catch covid here's what experts are saying about the route of contagion"
"82",2020-07-26,"the world's richest are looking to buy access to citizenship in covid safe havens"
"83",2020-07-26,"dating in the age of covid"
"84",2020-07-26,"opening schools does not spread coronavirus much nordic study suggests"
"85",2020-07-26,"the south korean pharmaceutical company backed by bill gates may be capable of producing million coronavirus vaccine kits by next june the microsoft cofounder said"
"86",2020-07-26,"nightclubs bars and beaches some of the most beloved summer venues in spain are facing new lockdown restrictions after turning into coronavirus hot spots via ap"
"87",2020-07-26,"these elite contact tracers show the world how to beat covid"
"88",2020-07-26,"un proposes temporary basic income that could stem the spread of the coronavirus pandemic by allowing the world's poorest people to stay home"
"89",2020-07-26,"the south korean pharmaceutical company backed by bill gates may be capable of producing million coronavirus vaccine kits by next june the microsoft cofounder said"
"90",2020-07-26,"dogs with a few days of training are capable of identifying people infected with the coronavirus according to a new study"
"91",2020-07-26,"a coronavirus vaccine that requires each person to get two doses could complicate efforts to immunize billions of people"
"92",2020-07-26,"corruption is undermining south africa's billion coronavirus relief package via ap"
"93",2020-07-26,"spain is scrambling to stay ahead of new outbreaks of the coronavirus that prompted the uk to impose a quarantine on travelers returning from the country"
"94",2020-07-26,"a study shows the cold and stale air at a german slaughterhouse allowed coronavirus particles to jump more than feet"
"95",2020-07-26,"president trump has reset his approach to the coronavirus in a bid to revive sinking poll numbers but with days until the election his campaign may need more than a change in tone to reverse its slide"
"96",2020-07-26,"recovering from covid may not offer much protection from future infections particularly for those with only a mild case researchers say in the new england journal of medicine"
"97",2020-07-26,"how do people catch covid here's what experts are saying about the route of contagion"
"98",2020-07-26,"these elite contact tracers show the world how to beat covid"
"99",2020-07-26,"masks are loathed in texas's small towns while covid deaths surge"
"100",2020-07-26,"older children are more likely to spread covid within a household than younger children and adults according to a new study of patients in south korea"
"101",2020-07-26,"it might take two jabs to protect you from covid but a doubleshot vaccine could multiply the challenges of immunizing billions of people"
"102",2020-07-26,"most of the eu's banks are strong enough to survive the impact of the coronavirus crisis according to ecb vice president luis de guindos"
"103",2020-07-26,"world's richest looking to buy access to citizenship in covid safe havens"
"104",2020-07-26,"more americans are wearing masks to avoid covid infection"
"105",2020-07-26,"to fill more planes emirates is offering to cover the medical expenses of its passengers should they be diagnosed with covid while away from home"
"106",2020-07-26,"the number of coronavirus infections in the philippines surpassed a level that increases the risk of stricter quarantine measures if the trend continues"
"107",2020-07-26,"the treasury is reportedly in talks with the uk's largest banks about a plan to tackle billions of pounds of bad debts expected under the government's coronavirus loans program for small businesses"
"108",2020-07-26,"opening schools does not spread coronavirus much nordic study suggests"
"109",2020-07-26,"south africa's largest property and casualty insurer will pay as much as one billion rand in relief to clients with businessinterruption cover hit financially by the coronavirus pandemic"
"110",2020-07-26,"the south korean pharmaceutical company backed by bill gates may be capable of producing million coronavirus vaccine kits by next june the microsoft cofounder said"
"111",2020-07-26,"how do people catch covid here's what experts are saying about the route of contagion"
"112",2020-07-26,"un proposes temporary basic income that could stem the spread of the coronavirus pandemic by allowing the world's poorest people to stay home"
"113",2020-07-26,"scores of members of russia's business and political elite have been given early access to an experimental vaccine against covid"
"114",2020-07-26,"royal bank of scotland tells most employees to work from home until next year as a precaution against the lingering coronavirus pandemic"
"115",2020-07-26,"the african development bank approves loans and grants for several nations to ward off the covid"
"116",2020-07-26,"two doses of a coronavirus vaccine may be more effective than one but doubling the number of jabs per person raises a new challenge"
"117",2020-07-26,"dogs with a few days of training are capable of identifying people infected with the coronavirus according to a new study"
"118",2020-07-26,"spain is scrambling to stay ahead of new outbreaks of the coronavirus that prompted the uk to impose a quarantine on travelers returning from the country"
"119",2020-07-26,"covid is adding to the despair of many warweary young people across the arab world via ap"
"120",2020-07-26,"south africa is relaxing its loan guarantee rules in an effort to improve the flow of finance to businesses hit by covid"
"121",2020-07-26,"nightclubs bars and beaches some of spain's most beloved summer venues are facing new lockdown restrictions after turning into coronavirus hot spots via ap"
"122",2020-07-26,"cold and stale air at a meat plant allowed coronavirus particles to jump more than feet a study showed"
"123",2020-07-26,"catching a mild case of covid may not offer much lasting protection from reinfection as the antibodies fade rapidly a new report says"
"124",2020-07-26,"there will be another wave and it will be very serious most of the world may face covid without a vaccine"
"125",2020-07-26,"europe's economy is set to bounce back from coronavirus quicker than the us upending the previous role of each region"
"126",2020-07-26,"south africa's minister of trade industry and competition ebrahim patel tested positive for covid"
"127",2020-07-26,"commercial bank of qatar will build buffers against risk to protect itself from the fallout of the coronavirus pandemic"
"128",2020-07-26,"global cases of coronavirus exceeded million"
"129",2020-07-26,"teens and tweens are more likely to spread covid than younger children and adults a new study from south korea finds"
"130",2020-07-26,"australia's victoria state reported a daily high in the number of deaths from the coronavirus and another surge in infections"
"131",2020-07-26,"the south korean pharmaceutical company backed by bill gates may be capable of producing million coronavirus vaccine kits by next june the microsoft cofounder said"
"132",2020-07-26,"how do people catch covid here's what experts are saying about the route of contagion"
"133",2020-07-26,"when it comes to protecting the world from the coronavirus two doses of a vaccine may be better than one but doubling the number of jabs each person needs could complicate efforts to immunize billions of people"
"134",2020-07-26,"these elite contact tracers show the world how to beat covid"
"135",2020-07-26,"unsung immune cells take over when coronavirus antibodies wane"
"136",2020-07-26,"north korea locked down a city near its border with south korea after it found a person who may be infected with the coronavirus kcna reports"
"137",2020-07-25,"south carolina reports more coronavirus deaths a record"
"138",2020-07-25,"here's the latest on the coronavirus pandemic"
"139",2020-07-25,"just in there's a suspected coronavirus case in north korea"
"140",2020-07-25,"dating in the age of covid"
"141",2020-07-25,"these elite contact tracers show the world how to beat covid"
"142",2020-07-25,"just in florida passes new york as the state with the secondhighest number of total coronavirus cases"
"143",2020-07-25,"dogs with a few days of training are capable of identifying people infected with the coronavirus according to a new study"
"144",2020-07-25,"the world's supply chain isn't ready for a covid vaccine"
"145",2020-07-25,"california reports more than new covid cases"
"146",2020-07-25,"arizona reports new coronavirus cases"
"147",2020-07-25,"in the vast expanses of rural texas coronavirus is creeping in like the dust and like the dust few pay it much mind"
"148",2020-07-25,"recovering from covid may not offer much lasting protection from future infections for those with only mild cases according to a report that suggests caution regarding socalled herd immunity as well as the durability of vaccines"
"149",2020-07-25,"un proposes temporary basic income that could stem the spread of the coronavirus pandemic by allowing the world's poorest people to stay home"
"150",2020-07-25,"the rich are looking to buy access to covid safe havens"
"151",2020-07-25,"dogs with a few days of training are capable of identifying people infected with the coronavirus according to a new study"
"152",2020-07-25,"how can i get it the evidence on coronavirus transmission"
"153",2020-07-25,"a coronavirus vaccine the university of oxford is developing with astrazeneca shows promising results"
"154",2020-07-25,"cold and stale air at a meat plant allowed coronavirus particles to jump more than feet a study showed"
"155",2020-07-25,"opening schools does not spread coronavirus much nordic study suggests"
"156",2020-07-25,"catching a mild case of covid may not offer much lasting protection from reinfection as the antibodies fade rapidly a new report says"
"157",2020-07-25,"royal bank of scotland tells most employees to work from home until next year as a precaution against the lingering coronavirus pandemic"
"158",2020-07-25,"brazil's president jair bolsonaro tested negative for covid the fourth time he took the rtpcr test after he was contaminated on july"
"159",2020-07-25,"world's richest looking to buy access to citizenship in covid safe havens"
"160",2020-07-25,"coronavirus latest brazil's president bolsonaro tests negative cases hit another record in hong kong german health authority warns about tourists returning home"
"161",2020-07-25,"two doses of a coronavirus vaccine may be more effective than one but doubling the number of jabs per person raises a new challenge"
"162",2020-07-25,"teens and tweens are more likely to spread covid than younger children and adults a new study from south korea finds"
"163",2020-07-25,"how do people catch covid here's what experts are saying about the route of contagion"
"164",2020-07-25,"scores of members of russia's business and political elite have been given early access to an experimental vaccine against covid"
"165",2020-07-25,"a coronavirus vaccine the university of oxford is developing with astrazeneca shows promising results"
"166",2020-07-25,"un proposes temporary basic income that could stem the spread of the coronavirus pandemic by allowing the world's poorest people to stay home"
"167",2020-07-25,"ministers responsible for trade in asia pacific pledged saturday to facilitate essential movement across borders even as coronavirus cases surge across the region"
"168",2020-07-25,"south africa's hollard insurance said it will provide relief to small and medium businesses hit financially by a lockdown to curb the spread of the coronavirus"
"169",2020-07-25,"south african property and casualty insurers agreed to consider providing interim relief to customers hit by a national lockdown to contain the coronavirus"
"170",2020-07-25,"to fill more planes emirates is offering to cover the medical expenses of its passengers should they be diagnosed with covid while away from home"
"171",2020-07-25,"opening schools does not spread coronavirus much nordic study suggests"
"172",2020-07-25,"there will be another wave and it will be very serious most of the world may face covid without a vaccine"
"173",2020-07-25,"dogs with a few days of training are capable of identifying people infected with the coronavirus according to a new study"
"174",2020-07-25,"the world has dreamed about a covid vaccine but even when it comes there are big questions over how it can reach the world"
"175",2020-07-25,"vietnam confirmed its first locallytransmitted case of the coronavirus in more than three months"
"176",2020-07-25,"recovering from covid may not offer much protection from future infections particularly for those with only a mild case researchers say in the new england journal of medicine"
"177",2020-07-25,"it might take two jabs to protect you from covid but a doubleshot vaccine could multiply the challenges of immunizing billions of people"
"178",2020-07-25,"older children are more likely to spread covid within a household than younger children and adults according to a new study of patients in south korea"
"179",2020-07-25,"royal bank of scotland tells most employees to work from home until next year as a precaution against the lingering coronavirus pandemic"
"180",2020-07-25,"how do people catch covid here's what experts are saying about the route of contagion"
"181",2020-07-25,"in the vast expanses of rural texas coronavirus is creeping in like the dust and like the dust few pay it much mind"
"182",2020-07-25,"curevac a competitor in the race for a coronavirus vaccine has filed for an ipo in the us"
"183",2020-07-25,"divided us supreme court rejected an effort by a nevada church to ease limits on the size of its services during the coronavirus pandemic"
"184",2020-07-24,"mitch mcconnell's coronavirus rescue bill brinkmanship now looks more like a significant miscalculation"
"185",2020-07-24,"masks are loathed in texas's small towns while covid deaths surge"
"186",2020-07-24,"another coronavirus vaccine shows early promise"
"187",2020-07-24,"this is not a witch hunt to root out anyone who was drinking underage new jersey governor phil murphy pleaded with teenage party guests in his hometown to stop resisting contact tracers on the trail of a novel coronavirus outbreak among some attendees"
"188",2020-07-24,"corporate canada has a message for investors the worst of the covid crisis may be behind us"
"189",2020-07-24,"once the epicenter of the coronavirus pandemic in the us new york city has been attempting a gradual return to normal but six weeks and four phases of reopening since the lockdown lifted the city remains a profoundly changed place"
"190",2020-07-24,"novavax's early covid vaccine results will probably come out sometime next week what they say will likely determine if the stock's surge holds"
"191",2020-07-24,"a record number of canada's largest businesses are seeking protection from creditors amid the coronavirus pandemic"
"192",2020-07-24,"next week how has covid accelerated manufacturing emilychangtv sits down with ellenkullman ceo of the world's leading digital manufacturing company carbon do not miss their conversation on postpandemic production for details poweringproduct"
"193",2020-07-24,"as the coronavirus collides with a summer heat wave cities like miami houston and phoenix face two crises that target the same vulnerable communities via citylab"
"194",2020-07-24,"curevac a competitor in the race for a coronavirus vaccine has filed for an ipo in the us"
"195",2020-07-24,"latin america now accounts for of the world's deadliest covid hot spots some of those places are only getting worse"
"196",2020-07-24,"british airways owner iag said it's evaluating a share sale to raise as much as billion euros to strengthen its balance sheet and ride out the coronavirus crisis"
"197",2020-07-24,"masks are loathed in texas's small towns while covid deaths surge"
"198",2020-07-24,"people arriving from places deemed highrisk for covid will be able to get tested directly at german airports"
"199",2020-07-24,"the british pub is a global icon in significant decline made even worse by covid but the city of london is betting it is not dead yet"
"200",2020-07-24,"the global trade funk dragged into may even as coronavirus lockdowns started easing"
"201",2020-07-24,"donald trump seeks to revive his sagging campaign by canceling the convention for his party to nominate him for a second term as host state florida posts record coronavirus deaths"
"202",2020-07-24,"verizon has enrolled its covidaffected customers into extended payment plans"
"203",2020-07-24,"optimism over the development of a coronavirus vaccine and an agreement by eu leaders on a stimulus package underpin emerging markets through another turbulent week"
"204",2020-07-24,"one of the world's wealthiest monarchs is using coronavirus to complete a reversal of democratic reforms that made the country a standout in a turbulent region"
"205",2020-07-24,"here's what you need to know in washington majority leader mcconnell waited until a key part of coronavirus aid was about to expire before drafting the gop version of the next relief bill a decision that increasingly looks like a miscalculation"
"206",2020-07-24,"chile's government will enact a controversial but popular bill allowing early pension withdrawals amid the coronavirus pandemic"
"207",2020-07-24,"british airways owner iag renews an airmiles deal with creditcard giant american express swelling the group's coffers as the coronavirus crisis weighs on travel demand"
"208",2020-07-24,"uk retail sales jump by a record as a lifting of coronavirus restrictions allows more stores to open up"
"209",2020-07-24,"there are more delays at the box office due to covid"
"210",2020-07-24,"mapping what coronavirus reopening looks like in us centermost populous city tale of race and wealth great viz read by andretartar copyright jsonkao copyright plmrry copyright jeremycflin copyright lenapopina copyright eugenereznik copyright"
"211",2020-07-24,"boris johnson warns the uk will still be dealing with the coronavirus pandemic in mid and says his government is preparing for a second wave of infections over the winter"
"212",2020-07-24,"donald trump seeks to revive his sagging campaign by canceling the convention for his party to nominate him for a second term as host state florida posts record coronavirus deaths"
"213",2020-07-24,"british airways owner iag renews an airmiles deal with creditcard giant american express swelling the group's coffers as the coronavirus crisis weighs on travel demand"
"214",2020-07-24,"a study shows the cold and stale air at a german slaughterhouse allowed coronavirus particles to jump more than feet"
"215",2020-07-24,"imperial college london's covid vaccine trial is expanding to additional sites throughout england"
"216",2020-07-24,"optimism over the development of a coronavirus vaccine and an agreement by eu leaders on a stimulus package underpin emerging markets through another turbulent week"
"217",2020-07-24,"vietnamese stocks fall after the country's first possible local coronavirus case since april"
"218",2020-07-24,"chile's government will enact a controversial but popular bill allowing early pension withdrawals amid the coronavirus pandemic"
"219",2020-07-24,"how soon could a covid vaccine actually arrive"
"220",2020-07-24,"just in germany takes a step forward in its recovery from the coronavirus slump as pmi shows growth for first time in five months"
"221",2020-07-24,"the uk announces its biggest ever flu vaccination program for the coming winter as it seeks to protect the nhs from a possible second wave of coronavirus"
"222",2020-07-24,"just in uk retail sales jump by a record as a lifting of coronavirus restrictions allows more stores to open up"
"223",2020-07-24,"there are more delays at the box office due to covid"
"224",2020-07-24,"the deep state is using the coronavirus crisis to claw back control in one of the world's oldest kingdoms"
"225",2020-07-24,"us coronavirus cases surpass million new york congresswoma alexandria ocasiocortez calls out abusive treatment by men and scientists capture the firstever picture of a solar system like our own read more in the latest quicktake newsletter"
"226",2020-07-24,"coronavirus update cases exceed million globally deaths pass australia's victoria state reports a mounting death toll from the virus south korea reports new cases us cases surpass million"
"227",2020-07-24,"about airline workers have been fired furloughed or told they may lose their jobs due to the coronavirus"
"228",2020-07-24,"what's the best homemade face mask to curb covid you'll need at least layers scientists globalbiosec unsw in australia found using a led lighting system and highspeed video camera more business"
"229",2020-07-24,"the uk announces its biggest ever flu vaccination program for the coming winter as it seeks to protect the nhs from a possible second wave of coronavirus"
"230",2020-07-24,"trump says the uschina trade deal means much less to me because of what he described as the chinese role in spreading the coronavirus"
"231",2020-07-24,"it might take two jabs to protect you from covid but a doubleshot vaccine could multiply the challenges of immunizing billions of people"
"232",2020-07-23,"mothers with covid are unlikely to pass the virus to their newborns as long as the usual precautions are taken new research from the us suggests"
"233",2020-07-23,"trump says he's canceling the republican convention scheduled for next month in florida as the coronavirus outbreak continues to grow"
"234",2020-07-23,"about airline workers have been fired furloughed or told they may lose their jobs due to the coronavirus"
"235",2020-07-23,"testing shortcomings are making it more difficult to get a clear picture of the us coronavirus pandemic"
"236",2020-07-23,"breaking us coronavirus cases surpassed million"
"237",2020-07-23,"washington nationals left fielder juan soto has tested positive for covid"
"238",2020-07-23,"with fall classes in limbo in the us desperate parents are scrambling to form microschools and covidsafe learning pods but who is getting left behind via citylab"
"239",2020-07-23,"bolivia suspended its presidential election for a second time after a spike in covid infections"
"240",2020-07-23,"a study shows the cold and stale air at a german slaughterhouse allowed coronavirus particles to jump more than feet"
"241",2020-07-23,"is there now broader acceptance that cyberattacks can not be avoided verizonbusiness tamierwinvz tells kartikaym covid created the moment that said you have to go digital and when you acknowledge that then you have no choice but to build security in optimizingsecurity"
"242",2020-07-23,"ghana's budget deficit will be more than double the initial forecast due to the impact of a drop in oil prices and the coronavirus pandemic"
"243",2020-07-23,"technology's kartikaym talks with evp amp group ceo verizonbusiness tamierwinvz about how cybercrime has been given the opportunity to thrive during covid optimizingsecurity"
"244",2020-07-23,"the coronavirus has driven people and businesses from new york city and we have to get them back governor andrew cuomo says"
"245",2020-07-23,"swedish ceo at front line of covid crisis slams national policy"
"246",2020-07-23,"the us probably has about coronavirus cases per day a health and human services official says"
"247",2020-07-23,"south africa plans to shutter schools for a second time as the number of covid cases surges"
"248",2020-07-23,"cybersecurity team lead business andrew martin talks with cofounder amp cto duosec jonoberheide about potential dangers of cyber attacks the coronavirus has been a boon for hackers optimizingsecurity"
"249",2020-07-23,"more than immigrant detainees in the department of homeland security's custody have contracted the virus portland is a distraction from what the agency should actually be doing containing the covid pandemic"
"250",2020-07-23,"lloyd's of london the world's largest insurance market plans to begin offering coverage of coronavirus vaccine deliveries"
"251",2020-07-23,"more than health workers in africa now have coronavirus the who says"
"252",2020-07-23,"florida posted a record new covid deaths"
"253",2020-07-23,"atampt said regular mobilephone subscribers stopped paying for their service due to the covid crisis"
"254",2020-07-23,"to fill more planes emirates is offering to cover the medical expenses of its passengers should they be diagnosed with covid while away from home"
"255",2020-07-23,"new china will provide a billion loan for latin american and caribbean countries to have access to its covid vaccine"
"256",2020-07-23,"india is likely to miss its budget estimates as the coronavirus crisis strains government's finances a top government official says"
"257",2020-07-23,"today we are having important conversations on keeping your data secure while working through the challenges of covid with duosec's jonoberheide hackerone's senorarroz onelogin's vrpegueros amp verizonbusiness' tamierwinvz optimizingsecurity"
"258",2020-07-23,"when the discussion turns to which countries have responded best to covid those most often mentioned are taiwan new zealand vietnam tylercowen would like to make a more surprising nomination the uk"
"259",2020-07-23,"tokyo finds around new coronavirus cases on thursday a singleday record according to japanese media reports"
"260",2020-07-23,"bond holders could lose billion as a consequence of us lawmakers' letting millions of homeowners delay their mortgage payments during the coronavirus pandemic"
"261",2020-07-23,"the cost of coronavirus for insurers is mounting"
"262",2020-07-23,"israel's parliament gives the government sweeping powers to combat a resurgent coronavirus outbreak"
"263",2020-07-23,"since the coronavirus pandemic began late last year doctors have warned that infections could come in waves that prediction is now playing out across the us"
"264",2020-07-23,"a return of covid in hong kong is a warning to others"
"265",2020-07-23,"things jobless claims million covid cases huge day for earnings markets rise coming up"
"266",2020-07-23,"the asia pacific's coronavirus resurgences reached new heights this week in a sign containment is becoming more challenging across the world"
"267",2020-07-23,"private demand for coronavirus tests from hong kong residents cannot be currently met the city's largest private laboratory says"
"268",2020-07-23,"new china will provide a billion loan for latin american and caribbean countries to have access to its covid vaccine"
"269",2020-07-23,"india is likely to miss its budget estimates as the coronavirus crisis strains government's finances a top government official says"
"270",2020-07-23,"israel's parliament gives the government sweeping powers to combat a resurgent coronavirus outbreak"
"271",2020-07-23,"understanding how coronavirus has changed how we buy sell and communicate is essential to all businessesfrom the largest corporation to the selfemployed read our explainer and sign up for updates direct to your inbox"
"272",2020-07-23,"tokyo finds around new coronavirus cases on thursday a singleday record according to japanese media reports"
"273",2020-07-23,"italy's government approved a proposal for about billion in extra spending as it battles to rescue an economy devastated by the coronavirus pandemic"
"274",2020-07-23,"it might take two jabs to protect you from covid but a doubleshot vaccine could multiply the challenges of immunizing billions of people"
"275",2020-07-23,"unsung immune cells take over when coronavirus antibodies wane"
"276",2020-07-23,"the coronavirus is spreading after too many states backed away from containment efforts noahpinion says that makes new lockdowns inevitable via bopinion"
"277",2020-07-23,"un proposes temporary basic income that could stem the spread of the coronavirus pandemic by allowing the world's poorest people to stay home"
"278",2020-07-23,"global coronavirus cases top million us closes china's consulate in houston and the last qantas boeing leaves a flourish over australia read more in the latest newsletter from quicktake quicktake"
"279",2020-07-23,"coronavirus latest worldwide cases reach million deaths pass south korea's economy falls into a recession in the second quarter australia's budget deficit will hit a postwar record the government says"
"280",2020-07-23,"south africa secures a loan of about billion rand million from the african development bank to assist with tackling the coronavirus"
"281",2020-07-23,"australia's victoria state records new coronavirus cases"
"282",2020-07-23,"australia's budget deficit will blow out to a postwwii record the government says following a surge in spending sparked by the coronavirus pandemic"
"283",2020-07-23,"coronavirus update the world now has million covid infections"
"284",2020-07-23,"these asian stocks have benefited the most from the coronavirus crisis"
"285",2020-07-23,"unsung immune cells take over when coronavirus antibodies wane"
"286",2020-07-23,"it might take two jabs to protect you from covid but a doubleshot vaccine could multiply the challenges of immunizing billions of people"
"287",2020-07-23,"wynn resorts is furloughing workers in las vegas after previously continuing to pay employees through a threemonth covid shutdown"
"288",2020-07-22,"with california now recording more coronavirus cases than any other state governor gavin newsom said he will extend a contract for hundreds of millions of masks from china"
"289",2020-07-22,"the coronavirus pandemic is causing unprecedented rating downgrades of nonfinancial highyield companies in asia"
"290",2020-07-22,"the coronavirus pandemic is accelerating the reshuffle at the top of asia's stock markets"
"291",2020-07-22,"if only one thing can be included in a new coronavirus stimulus bill what would you pick we are discussing the us economy and what the growing outbreak means for the recovery on wallstreetweek tune in friday at pm et"
"292",2020-07-22,"everyone is hoping for successful results form covid vaccines but wall street insiders are growing concerned that preorders and early data are driving extreme gains for drugmakers"
"293",2020-07-22,"covid has made an indelible impact on today's economy how can businesses adapt to meet the new way of doing business do not miss emilychangtv's discussion with carbon president amp ceo ellenkullman next week for details poweringproduct"
"294",2020-07-22,"deals seeking a signoff from the eu face unprecedented delays amid the covid pandemic as regulators hit the pause button for most of their longer investigations"
"295",2020-07-22,"it might take two jabs to protect you from covid but a doubleshot vaccine could multiply the challenges of immunizing billions of people"
"296",2020-07-22,"china is likely to lift restrictions soon on imported shrimp which were imposed this month after the discovery of the coronavirus on packaging"
"297",2020-07-22,"overwhelming demand at us labs has led to longer and longer wait times for covid test results"
"298",2020-07-22,"russia's covid downturn is shaping up to be shallower than feared but the recovery looks slow"
"299",2020-07-22,"united's ceo predicts sales will fail to surpass even half of last year's levels until there's a covid vaccine"
"300",2020-07-22,"a covid outbreak inside san quentin california's oldest state prison intestifies national demands to release inmates from overcrowded correctional facilities and reduce the us prison population permanently via citylab"
"301",2020-07-22,"more than half of the business closures that were temporary when the covid outbreak began are now considered permanent yelp says"
"302",2020-07-22,"ecb president christine lagarde says female leaders proved themselves during the coronavirus crisis women tend to do a better job"
"303",2020-07-22,"here's a guide to some of the big issues in uschina tensions from hong kong to tiktok coronavirus to trade"
"304",2020-07-22,"malaysia steps reminders for people to wear masks and maintain physical distancing as its number of new coronavirus cases climbs"
"305",2020-07-22,"zimbabwe has imposed a curfew starting at dusk to curb the spread of the coronavirus"
"306",2020-07-22,"kpmg plans to cut jobs from its uk workforce as it becomes the latest professional services firm to see a slump in demand following the coronavirus pandemic"
"307",2020-07-22,"donald trump has a message for voters who are concerned about his handling of coronavirus policing and china joe biden would make everything worse"
"308",2020-07-22,"san quentin's deadly covid outbreak has intensified a national debate over releasing inmates and dramatically reducing the us prison population for good sarahsholder reports"
"309",2020-07-22,"china is likely to lift restrictions soon on imported shrimp which were imposed this month after the discovery of the coronavirus on packaging"
"310",2020-07-22,"overwhelming demand at us labs has led to longer and longer wait times for covid test results"
"311",2020-07-22,"corporate insiders were very bullish in march when the market plunged in response to covid fears they have gradually become less bullish and now bearish as prices have rebounded via markets"
"312",2020-07-22,"trump has tried to exploit covid to advance his antiimmigrant policy says fdwilkinson but a new poll shows it is not working"
"313",2020-07-22,"cantor fitzgerald is deferring start dates for some junior bankers until next year as the firm contends with the strains of operating through the coronavirus pandemic"
"314",2020-07-22,"russia's covid downturn is shaping up to be shallower than feared but the recovery looks slow"
"315",2020-07-22,"biden criticizes trump's social distance from anthony fauci as the president leaves his top infectious disease specialist out of his coronavirus briefing"
"316",2020-07-22,"a covid outbreak inside san quentin california's oldest state prison intestifies national demands to release inmates from overcrowded correctional facilities and reduce the us prison population permanently via citylab"
"317",2020-07-22,"breaking the us enters a pact with pfizer for million doses of a covid vaccine which americans will receive for free"
"318",2020-07-22,"malaysia steps reminders for people to wear masks and maintain physical distancing as its number of new coronavirus cases climbs"
"319",2020-07-22,"donald trump has a message for voters who are concerned about his handling of coronavirus policing and china joe biden would make everything worse"
"320",2020-07-22,"asianamericans are facing a surge of harassment linked to fears about the coronavirus pandemic video via quicktake"
"321",2020-07-22,"recovering from covid may not offer much protection from future infections particularly for those with only a mild case researchers say in the new england journal of medicine"
"322",2020-07-22,"it might take two jabs to protect you from covid but needing two shots could multiply the challenges of immunizing billions of people"
"323",2020-07-22,"nearly a quarter of new delhi residents have had covid a government study finds india has the rdmost coronavirus cases globally only behind the us and brazil more business indiafightscovid"
"324",2020-07-22,"the coronavirus has had a devastating effect on transport for london's finances"
"325",2020-07-22,"germany records a drop in the number of new coronavirus cases and the infection rate eases further"
"326",2020-07-22,"covid could roll back gains in women's economic opportunities after years of progress the imf says"
"327",2020-07-22,"the coronavirus pandemic is accelerating a move by consumers toward online banking says goldman sachs"
"328",2020-07-22,"in san francisco's gentrifying mission district it is household crowding not urban density that poses the greatest coronavirus risk via citylab"
"329",2020-07-22,"trump tells americans to wear a mask at his first coronavirusspecific new conference since april"
"330",2020-07-22,"just in hong kong's third wave of coronavirus infections isn't showing signs of slowing with the number of new daily cases topping the previous record of scmp reports"
"331",2020-07-22,"the uk oil and gas industry says blanket testing of its workers is essential to avoid covid outbreaks offshore but the authorities have so far refused to provide the means to do so"
"332",2020-07-22,"coronavirus latest cases pass million globally deaths top trump warns the crisis will probably worsen before improving australia sets record for coronavirus infections with victoria state adding new cases"
"333",2020-07-22,"should you wear a face mask how far apart should you keep from others put your covid knowledge to the test"
"334",2020-07-22,"hong kong is facing its worst coronavirus outbreak and the city is woefully unprepared for the surge"
"335",2020-07-22,"australia set a record for new coronavirus cases with infections in victoria state as a second wave threatens to derail economic recovery"
"336",2020-07-22,"a covid vaccine developed with the russian military completes phase trials"
"337",2020-07-22,"now we are live from hong kong with data thenewcurrency we are looking at the way data has impacted covid response in the region and how companies can maintain our trust with access to so much personal information"
"338",2020-07-22,"breaking australia has suffered its worst day of coronavirus infections with victoria state recording new cases"
"339",2020-07-22,"recovering from covid may not offer much protection from future infections particularly for those with only a mild case researchers say in the new england journal of medicine"
"340",2020-07-22,"trump tells americans to wear a mask at his first coronavirusspecific new conference since april"
"341",2020-07-21,"us says china hackers stole virus data trump warns of a worsening covid crisis xi's plan to liberalize china's stock market is looking prescient what you need to know at the start of asia's trading day"
"342",2020-07-21,"today with such close proximity to china how did taiwan avoid the catastrophic loss of life some countries have seen during the pandemic we speak with digital minister audreyt on combating covid and how data played a crucial role thenewcurrency"
"343",2020-07-21,"trump restarts his coronavirus briefings by warning about a surge in us cases"
"344",2020-07-21,"the coronavirus pandemic is accelerating a move by consumers toward online banking says goldman sachs"
"345",2020-07-21,"watch donald trump hosts his first coronavirus press conference in several weeks as outbreaks in florida texas and other states hit record levels"
"346",2020-07-21,"millions of americans bought insurance policies to help them pay for nursing or homehealth care now they must weigh those plans against the risk of contracting covid"
"347",2020-07-21,"a covid vaccine developed with the russian military completes phase trials"
"348",2020-07-21,"former vice president algore discusses the correlation of pollution and pandemic related deaths during both covid the spanish flu when the scientists are trying to get our attention it is best not to ignore them bloomberggreen"
"349",2020-07-21,"asiapacific borrowers issued a total of billion of covid response notes so far this year"
"350",2020-07-21,"on how both climate change and covid have drawn attention to righting injustice and inequality i think these overlapping awakenings are supporting one another algore cofounder amp chairman generation investment management bloomberggreen"
"351",2020-07-21,"opko soared to its highest intraday level in more than years after its bioreference laboratories unit said it will provide covid tests to the nfl this year"
"352",2020-07-21,"echasan asks has covid accelerated trends algore has seen in the climate space it is actually accelerating the sustainable revolution the pandemic as horrible as it is has stimulated a new way of thinking bloomberggreen"
"353",2020-07-21,"the cost of supporting uk privatesector workers through the coronavirus pandemic climbs to billion as the government prepares to begin unwinding its assistance programs"
"354",2020-07-21,"far more people were infected with the novel coronavirus than previously reported in several corners of the us the cdc says"
"355",2020-07-21,"now sustainable finance editor business echasan talks with climate activist and former vice president algore about what sustainable capitalism looks like in covid 's wake bloomberggreen"
"356",2020-07-21,"on the intersection between the black lives matter movement climate justice and covid 's impact on communities of color police brutality and toxic pollution exist in the same communities rgunns rooseveltinst bloomberggreen"
"357",2020-07-21,"spain will stop companies from paying bonuses to their executives if they receive funds from the latest government coronavirus aid program"
"358",2020-07-21,"new recovering from covid may not offer much protection from future infections particularly for those with only a mild case researchers say in the new england journal of medicine"
"359",2020-07-21,"in san francisco's gentrifying mission district it is household crowding not urban density that poses the greatest coronavirus risk via citylab"
"360",2020-07-21,"say that for yrs you have spent hundreds of a month on a ltc policy now you need a caregiver to come to your house because you have cancer but it is too risky to have visitors because of covid great story by jtozz"
"361",2020-07-21,"the us set up these programs to offset covid hardship they're all about to expire"
"362",2020-07-21,"covid could roll back gains in women's economic opportunities after years of progress the imf says"
"363",2020-07-21,"millions of americans bought insurance policies to help them pay for nursing or homehealth care now they must weigh those plans against the risk of contracting covid"
"364",2020-07-21,"new the justice department on tuesday accused two chinese hackers of stealing hundreds of millions of dollars of trade secrets from companies across the world and more recently targeting firms developing a vaccine for the coronavirus"
"365",2020-07-21,"trump's reversal on followed polls that showed the president's refusal to champion them was out of step with citizens terrified by rising covid case counts nationwide"
"366",2020-07-21,"sweden's top health authority says people who have had the coronavirus are likely to be immune for at least six months but can still act as carriers of the virus"
"367",2020-07-21,"after feuding with north carolina governor roy cooper over the coronavirus trump moved key parts of the republican national convention to jacksonville now he's facing similar concerns from local police in florida"
"368",2020-07-21,"european regulators could approve the first vaccine against covid this year after a flurry of trials by drugmakers leading the race showed promising results"
"369",2020-07-21,"the new rules of covid etiquette be awkward but not rude"
"370",2020-07-21,"boris johnson's senior medical adviser says there is only a slim chance of an effective coronavirus vaccine being available by christmas"
"371",2020-07-21,"the rich want to buy access to coronavirus safe havens and new zealand's looking pretty good right now video via quicktake"
"372",2020-07-21,"an indonesian stateowned drugmaker plans to start human trials of a coronavirus vaccine next month and to begin commercial production early next year"
"373",2020-07-21,"nfl players will be tested daily for new coronavirus infection for the first two weeks of training camp"
"374",2020-07-21,"here's what to make of all the latest covid vaccine news"
"375",2020-07-21,"eager gamblers returning quickly to casinos after the covid lockdown helped eldorado resorts raise some billion needed to buy caesars entertainment"
"376",2020-07-21,"uk chancellor rishi sunak fires the starting gun on a comprehensive review of government spending warning of tough choices for some departments in the wake of the coronavirus pandemic"
"377",2020-07-21,"gulf arab nations are set to borrow at record rates this year as the coronavirus and weaker oil prices sour economic performance a report from sampp says"
"378",2020-07-21,"south africa's mines minister is in hospital with covid"
"379",2020-07-21,"a failure to beat the coronavirus has a chilling effect on economic activity just look at the extraordinary difference in the return to restaurants in germany and the us"
"380",2020-07-21,"how do people catch covid here's what experts are saying about the route of contagion"
"381",2020-07-21,"a trial is underway in the uk exploring how artificial intelligence can be used to help monitor the lung physiology of covid patients to optimize ventilation treatments"
"382",2020-07-21,"nearly a quarter in india's capital new delhi have had the coronavirus according to a study by the country's disease control organization"
"383",2020-07-21,"a covid vaccine developed with the russian military completes phase trials"
"384",2020-07-21,"i want to watch the first movie on the first day of the reopening cinemas in areas with low coronavirus risk have started resuming operations in china video via quicktake"
"385",2020-07-21,"the swiss watch industry faces a drop in exports this year as the coronavirus pandemic slashes demand"
"386",2020-07-21,"nfl players will be tested daily for new coronavirus infection for the first two weeks of training camp"
"387",2020-07-21,"singapore is on track to record its worst dengue outbreak in history with new weekly cases that have surpassed covid cases in the citystate"
"388",2020-07-21,"the rich want to buy access to coronavirus safe havens and new zealand's looking pretty good right now video via quicktake"
"389",2020-07-21,"gulf arab nations are set to borrow at record rates this year as the coronavirus and weaker oil prices sour economic performance a report from sampp says"
"390",2020-07-21,"south africa's mines minister is in hospital with covid"
"391",2020-07-21,"a landmark stimulus agreement coronavirus vaccine hopes and lots of earnings here's what's moving markets"
"392",2020-07-21,"south sudan is banking on a better year in after efforts to rebuild its oil industry were knocked by the coronavirus and a collapse in crude prices"
"393",2020-07-21,"coronavirus latest cases pass million globally deaths top australia's victoria reports new infections in hours japan sees no need for an emergency declaration even as tokyo adds over cases china reports new cases"
"394",2020-07-21,"singapore is on track to record its worst dengue outbreak in history with new weekly cases that have surpassed covid cases in the citystate"
"395",2020-07-21,"how do people catch covid here's what experts are saying about the route of contagion"
"396",2020-07-21,"the gap between rich and poor has been a defining narrative of the st century the coronavirus made it even worse"
"397",2020-07-21,"two doses of a coronavirus vaccine may be more effective than one but doubling the number of jabs per person raises a new challenge"
"398",2020-07-21,"the swell of new covid cases is hurting america's economic recovery"
"399",2020-07-21,"a coronavirus vaccine trial shows promising results while new york continues its reopening"
"400",2020-07-21,"summer camps in parts of the us are closing as children and counselors test positive for covid a troubling sign as the country debates whether schools should reopen as soon as next month"
"401",2020-07-21,"of all the ways our lives have changed during the coronavirus pandemic few are as obvious as how and where we eat"
"402",2020-07-21,"the world's rich want to buy access to islands and nations that have beaten the coronavirus"
"403",2020-07-21,"when jobkeeper is not necessary that'll be a good day for australia australia will extend its jobkeeper wage subsidy and jobseeker unemployment supplement programs to the end of september as covid continues to pummel the economy more business"
"404",2020-07-21,"uk blocks hong kong extradition weapons over security law china begins to remove democratic taiwan toehold in hong kong the swell of new covid cases is hurting america's economic recovery latest news and analysis from bloomberg economics economics"
"405",2020-07-21,"we are looking at technology's impact on taiwan's impressive covid response at thenewcurrency with digital minister audreyt tune in to learn how the government has brainstormed with hacktivists developers and citizens to beat back the virus"
"406",2020-07-20,"oil drifted lower in asia as the continued rise in global coronavirus cases continued to overshadow the prospects for a demand recovery"
"407",2020-07-20,"it is never easy to gather signatures for a ballot measure covid made it even harder that did not stop these boulder housing advocates via citylab"
"408",2020-07-20,"of all the ways our lives have changed during the coronavirus pandemic few are as obvious as how and where we eat"
"409",2020-07-20,"a federal judge postponed the criminal trial of former theranos ceo elizabeth holmes because of the coronavirus pandemic"
"410",2020-07-20,"a coronavirus vaccine that requires each person to get two doses could complicate efforts to immunize billions of people"
"411",2020-07-20,"the oxfordastrazeneca covid vaccine study shows promising results i don't think this studycould have gone any better says the lancet medical journal editorinchief richard horton"
"412",2020-07-20,"thursday business' andrew martin talks with onelogin's chief trust amp security officer vrpegueros about assessing cybersecurity threats as we all work from home due to covid tune in here at pm et optimizingsecurity"
"413",2020-07-20,"ibm beat analysts' estimates for revenue in the second quarter with cloud sales helping offset coronavirusfueled declines in its consulting services"
"414",2020-07-20,"the trump administration changed the way it handles data about covid scientists say it fits a pattern that encompasses climate as well"
"415",2020-07-20,"business travel may never go back to the precoronavirus era in the us"
"416",2020-07-20,"summer camps in parts of the us are closing as children and counselors test positive for covid a troubling sign as the country debates whether schools should reopen as soon as next month"
"417",2020-07-20,"california is facing a major budget shortfall because of coronavirus cannabis is helping fill some of the gap"
"418",2020-07-20,"public hospitals in madagascar said they've reached full capacity and will only accept patients with the most severe forms of covid"
"419",2020-07-20,"royal bank of scotland tells most employees to work from home until next year as a precaution against the lingering coronavirus pandemic"
"420",2020-07-20,"warner bros canceled the aug release of its major summer film tenet because of the worsening coronavirus pandemic"
"421",2020-07-20,"developing nations are unlikely to reap the rewards of weaker exchange rates as the coronavirus pandemic batters global trade and tourism the imf says"
"422",2020-07-20,"democrats blast republican support for a plan that would shield businesses from coronavirusrelated lawsuits as they reopen"
"423",2020-07-20,"trump says he will resume holding public coronavirus briefings as infections surge"
"424",2020-07-20,"here's where things stand with a coronavirus vaccine"
"425",2020-07-20,"what lessons has covid taught us about production capabilities how can we build a new innovation economy in the pandemic's aftermath at poweringproduct we are speaking with senior executives from carbon onshape eviationaero and volvocars"
"426",2020-07-20,"should you wear a face mask how far apart should you keep from others put your covid knowledge to the test"
"427",2020-07-20,"latest a coronavirus vaccine the university of oxford is developing with astrazeneca shows promising results in early human testing"
"428",2020-07-20,"a coronavirus vaccine the university of oxford is developing with astrazeneca plc showed promising results in early human testing a sign of progress in the highstakes pursuit of a shot to defeat the pathogen read more about the vaccine here"
"429",2020-07-20,"the world's rich want to buy access to islands and nations that have beaten the coronavirus"
"430",2020-07-20,"just in a coronavirus vaccine the university of oxford is developing with astrazeneca plc showed promising results in early human testing a sign of progress in the highstakes pursuit of a shot to defeat the pathogen"
"431",2020-07-20,"tomorrow business' senior executive editor johnfraher talks with professor lordstern of grilse about how covid has reinforced the need to address climate change and how a green stimulus package could play a part for details bloomberggreen"
"432",2020-07-20,"airbus calls for increased uk investment in sustainable aviation to supplement budgets strained by the coronavirus crisis"
"433",2020-07-20,"sales of renault allelectric zoe car jump in the first half a rare bright spot in the grim fallout of the coronavirus pandemic"
"434",2020-07-20,"the trump administration changed the way it handles data about covid scientists say it fits a pattern that encompasses climate as well"
"435",2020-07-20,"business travel may never go back to the precoronavirus era in the us"
"436",2020-07-20,"summer camps in parts of the us are closing as children and counselors test positive for covid a troubling sign as the country debates whether schools should reopen as soon as next month via business"
"437",2020-07-20,"tokyo coronavirus cases drop below for the second day in a row"
"438",2020-07-20,"summer camps in parts of the us are closing as children and counselors test positive for covid a troubling sign as the country debates whether schools should reopen as soon as next month"
"439",2020-07-20,"marks amp spencer plans to cut jobs in yet another blow to british shopping districts reeling from the coronavirus pandemic"
"440",2020-07-20,"royal philips sees demand for ventilators used to treat covid patients and a recovery in sales of other hospital equipment"
"441",2020-07-20,"a rival to google maps that is helping pakistan find covid hotspots is planning an ipo"
"442",2020-07-20,"indonesian president joko widodo will chair a new task force to lead efforts to contain the biggest outbreak of coronavirus in southeast asia"
"443",2020-07-20,"older children are more likely to spread covid within a household than younger children and adults according to a new study of patients in south korea"
"444",2020-07-20,"shares of a tiny pharmaceutical company soar after its experimental drug cut the risk of developing the worst covid symptoms"
"445",2020-07-20,"nothing symbolizes our battle with the novel coronavirus like the face mask via bopinion"
"446",2020-07-20,"should you wear a face mask how far apart should you keep from others put your covid knowledge to the test"
"447",2020-07-20,"sales of renault allelectric zoe car jump in the first half a rare bright spot in the grim fallout of the coronavirus pandemic"
"448",2020-07-20,"tokyo coronavirus cases drop below for the second day in a row"
"449",2020-07-20,"dividends paid by uk companies could take six years to recover from unprecedented cuts during the coronavirus pandemic"
"450",2020-07-20,"royal philips sees demand for ventilators used to treat covid patients and a recovery in sales of other hospital equipment"
"451",2020-07-20,"a rival to google maps that is helping pakistan find covid hotspots is planning an ipo"
"452",2020-07-20,"covid patients in hospitals in mexico's border state of baja california are dying at an alarming rate"
"453",2020-07-20,"scores of members of russia's business and political elite have been given early access to an experimental vaccine against covid"
"454",2020-07-20,"the united nations will set up a coronavirus treatment facility in nairobi to cater to the global organization's workers and family members in africa"
"455",2020-07-20,"a trial to decide who should pay for the rising costs associated with the coronavirus pandemic is about to start in london"
"456",2020-07-20,"the australian government will ramp up support for small businesses hit by the coronavirus pandemic"
"457",2020-07-20,"should you wear a face mask how far apart should you keep from others put your covid knowledge to the test"
"458",2020-07-20,"property developers and casinos led hong kong stocks lower after a record number of new coronavirus cases in the city"
"459",2020-07-20,"coronavirus latest cases pass million deaths top australia's victoria reports cases members of russia's business political elite have been given early access to an experimental vaccine china's xinjiang province reports more cases"
"460",2020-07-20,"scores of members of russia's business and political elite have been given early access to an experimental vaccine against covid"
"461",2020-07-20,"democratic representative donna shalala said florida's covid outbreak is totally out of control and called for a lockdown of the third mostpopulous us state"
"462",2020-07-20,"working mothers are working harder in the covid crisis these papers quantify the burden"
"463",2020-07-20,"beijing authorities lowered the city's covid emergency response level after almost two weeks of no new domestic coronavirus infections"
"464",2020-07-20,"australia's victoria state reported another cases of covid and warned it's too early to say whether a lockdown in melbourne is slowing the spread of the virus"
"465",2020-07-20,"older children are more likely to spread covid within a household than younger children and adults according to a new study of patients in south korea"
"466",2020-07-20,"brazil president jair bolsonaro berated social isolation measures designed to slow the spread of the coronavirus saying they are destroying jobs and compounding pain"
"467",2020-07-20,"global real estate investment fell by in the first half as the coronavirus pandemic battered economies and disrupted deals"
"468",2020-07-20,"dividends paid by uk companies could take six years to recover from unprecedented cuts during the coronavirus pandemic"
"469",2020-07-20,"nothing symbolizes our battle with the novel coronavirus like the face mask via bopinion"
"470",2020-07-20,"covid conversations with one of america's richest men via bw"
"471",2020-07-20,"eu leaders are deadlocked over a stimulus package trump downplays the increase in us coronavirus cases australia faces its biggest budget deficit since world war ii here are the things you need to know at the start of asia's trading day"
"472",2020-07-20,"there will be another wave and it will be very serious most of the world may face covid without a vaccine"
"473",2020-07-19,"florida's covid outbreak is totally out of control according to a democratic representative and the mayor of los angeles said his city is on the brink of new restrictions"
"474",2020-07-19,"should you wear a face mask how far apart should you keep from others put your covid knowledge to the test"
"475",2020-07-19,"mikebloomberg this administration has shown it's more than willing to withhold and manipulate information including on how coronavirus stimulus money has been spent"
"476",2020-07-19,"texas reports new cases of covid after five consecutive days of new infections over"
"477",2020-07-19,"covid patients in hospitals in mexico's border state of baja california are dying at an alarming rate"
"478",2020-07-19,"the australian government will ramp up support for small businesses hit by the coronavirus pandemic"
"479",2020-07-19,"oxford's covid vaccine devised by sarah gilbert is months ahead of the competition"
"480",2020-07-19,"us coronavirus deaths have passed"
"481",2020-07-19,"i would rather have less money to have a better world but ok my punishment is i have more money to have a more fed world this is how the coronavirus pandemic unfolds when you are a wall street billionaire"
"482",2020-07-19,"there will be another wave and it will be very serious most of the world may face covid without a vaccine"
"483",2020-07-19,"the united nations will set up a coronavirus treatment facility in nairobi to cater to the global organization's workers and family members in africa"
"484",2020-07-19,"los angeles facing a renewed onslaught of the novel coronavirus may be on the brink of new restrictions said mayor eric garcetti"
"485",2020-07-19,"make no mistake people will die as a result of president trump's decision to redirect critical covid data to washington via bopinion"
"486",2020-07-19,"just in california reports new coronavirus cases"
"487",2020-07-19,"half the covid patients who go to the hospital in mexico's border state of baja california die an alarming rate that experts attribute to people waiting too long to seek admission"
"488",2020-07-19,"working mothers are shouldering more than their fair share of the burden caused by the coronavirus pandemic"
"489",2020-07-19,"there was no measurable difference in coronavirus cases among children in sweden where schools were left open compared with neighboring finland where schools were shut study shows"
"490",2020-07-19,"should you wear a face mask how far apart should you keep from others put your covid knowledge to the test"
"491",2020-07-19,"oxford's covid vaccine devised by sarah gilbert is in human trials astrazeneca has lined up agreements to produce billion doses now the world waits via bw"
"492",2020-07-19,"how young people may be responsible for the rise in covid this city shows us how disbanding the police really works why the world's largest white supremacy monument is still standing catch our weekly show live today at pm et"
"493",2020-07-19,"los angeles facing a renewed onslaught of the novel coronavirus may be on the brink of new restrictions said mayor eric garcetti"
"494",2020-07-19,"russia says it is the victim of a british cyber attack rejecting britain's assertion russia is attempting to steal covid vaccine research"
"495",2020-07-19,"how close are we to a treatment or vaccine for coronavirus we're tracking the experimental products drugmakers and doctors are trying via business"
"496",2020-07-19,"democratic representative donna shalala said florida's covid outbreak is totally out of control and called for a lockdown of the third mostpopulous us state"
"497",2020-07-19,"africa looks for culprits in deepening coronavirus crisis"
"498",2020-07-19,"should you wear a face mask how far apart should you keep from others put your covid knowledge to the test"
"499",2020-07-19,"half the covid patients who go to the hospital in mexico's border state of baja california die an alarming rate that experts attribute to people waiting too long to seek admission"
"500",2020-07-19,"sweden's public health authority says despite the absence of a full lockdown immunity to covid is far from levels that could halt its destructive powers"
"501",2020-07-19,"working mothers are working harder in the covid crisis these papers quantify the burden"
"502",2020-07-19,"how much do you really know about coronavirus"
"503",2020-07-19,"israel's shekel is again testing precoronavirus levels another outbreak could change all that"
"504",2020-07-19,"russia says it is the victim of a british cyber attack rejecting britain's assertion russia is attempting to steal covid vaccine research"
"505",2020-07-19,"beijing authorities lowered the city's covid emergency response level after almost two weeks of no new domestic coronavirus infections"
"506",2020-07-19,"the international race for a coronavirus vaccine has escalated to a treacherous new level"
"507",2020-07-19,"syrians headed to polling stations in governmentheld parts of the wartorn country on sunday to elect a new parliament amid strict health measures to prevent the spread of the coronavirus via ap"
"508",2020-07-19,"russia's ambassador to britain has rejected allegations that his country's intelligence services sought to steal information about a coronavirus vaccine via ap"
"509",2020-07-19,"oxford's covid vaccine devised by sarah gilbert is in human trials astrazeneca has lined up agreements to produce billion doses now the world waits via bw"
"510",2020-07-19,"older children are more likely to spread covid within a household than younger children and adults according to a new study of patients in south korea"
"511",2020-07-19,"hong kong set a singleday record on sunday with more than new coronavirus infections the south china morning post reported"
"512",2020-07-19,"tunisia's leaders defeated coronavirus now they're the problem"
"513",2020-07-19,"more japanese people are discontent with government's response to the coronavirus pandemic compared poll shows"
"514",2020-07-19,"there was no measurable difference in coronavirus cases among children in sweden where schools were left open compared with neighboring finland where schools were shut study shows"
"515",2020-07-19,"commerce secretary wilbur ross was hospitalized for minor noncoronavirus related issues ap reported"
"516",2020-07-19,"infants have tested positive for the coronavirus in texas a health official said"
"517",2020-07-19,"residents in australia's secondbiggest city will have to wear mandatory face masks to contain the coronavirus spread"
"518",2020-07-19,"oxford's covid vaccine devised by sarah gilbert is months ahead of the competition"
"519",2020-07-19,"brazil president jair bolsonaro berated social isolation measures designed to slow the spread of the coronavirus saying they are destroying jobs and compounding pain"
"520",2020-07-19,"i would rather have less money to have a better world but ok my punishment is i have more money to have a more fed world this is how the coronavirus pandemic unfolds when you are a wall street billionaire"
"521",2020-07-19,"should you wear a face mask how far apart should you keep from others put your covid knowledge to the test"
"522",2020-07-19,"most of the world may face covid without a vaccine"
"523",2020-07-19,"how close are we to a treatment or vaccine for coronavirus we're tracking the experimental products drugmakers and doctors are trying via business"
"524",2020-07-19,"eu leaders failed to unlock an agreement on a billioneuro response to the coronavirus pandemic after a second day of sparring in brussels and will come back to try again on sunday"
"525",2020-07-18,"florida governor ron desantis said tests administered in his state friday that aim to detect covid antibodies showed a positive rate"
"526",2020-07-18,"as the school year draws near children and teens represent a ballooning percentage of covid cases in the us"
"527",2020-07-18,"here's the latest on the coronavirus pandemic"
"528",2020-07-18,"texas reported new coronavirus cases its fifth straight day over"
"529",2020-07-18,"russia is trying to beat the west to a covid vaccine"
"530",2020-07-18,"mexico's economy recovery will take longer than expected and will depend on the evolution of the coronavirus pandemic finance minister arturo herrera said"
"531",2020-07-18,"the white house wants to block new funding to help states with testing and contact tracing in an upcoming coronavirus relief bill people involved in the talks told the washington post"
"532",2020-07-18,"oxford's covid vaccine devised by sarah gilbert is months ahead of the competition"
"533",2020-07-18,"i would rather have less money to have a better world but ok my punishment is i have more money to have a more fed world this is how the coronavirus pandemic unfolds when you are a wall street billionaire"
"534",2020-07-18,"your weekend reading the us coronavirus depression"
"535",2020-07-18,"the blue jays have been denied approval by the canadian government to play in toronto amid the coronavirus pandemic ap reports"
"536",2020-07-18,"california reports new covid cases"
"537",2020-07-18,"how much do you really know about coronavirus"
"538",2020-07-18,"florida governor ron desantis says tests administered in his state friday that aim to detect covid antibodies showed a positive rate"
"539",2020-07-18,"in covidrelated news this week here's the good moderna's vaccine trial produced antibodies in patients the bad covid cases are on the rise in some us states"
"540",2020-07-18,"russia is trying to beat the west to a covid vaccine"
"541",2020-07-18,"should you wear a face mask how far apart should you keep from others put your covid knowledge to the test"
"542",2020-07-18,"oxford's covid vaccine devised by sarah gilbert is in human trials astrazeneca has lined up agreements to produce billion doses now the world waits via bw"
"543",2020-07-18,"just in arizona reports new coronavirus deaths a record singleday increase"
"544",2020-07-18,"the capital of china's xinjiang province will offer free coronavirus tests amid fears of an outbreak that has led to a lockdown of housing compounds and the closure of malls and hotels"
"545",2020-07-18,"florida reports more than new coronavirus cases"
"546",2020-07-18,"a coronavirus antibody test backed by the uk government was accurate in secret human trials held last month the telegraph reports"
"547",2020-07-18,"any optimism that the world could return to what it looked like before the coronavirus ended this week with an explosion of new cases"
"548",2020-07-18,"the mauritian treasury said it has disbursed billion rupees under its two employment assistance programs to companies and selfemployed people affected by covid"
"549",2020-07-18,"the fda authorized quest diagnostics to use a test with pooled samples containing as many as four individual swab specimens the first covid test authorized for use with pooled samples"
"550",2020-07-18,"a coronavirus antibody test backed by the uk government was accurate in secret human trials held last month the telegraph reports"
"551",2020-07-18,"the capital of china's xinjiang province will offer free coronavirus tests amid fears of an outbreak that has led to a lockdown of housing compounds and the closure of malls and hotels"
"552",2020-07-18,"russia says it can beat the west to a covid vaccine"
"553",2020-07-18,"sweden's public health authority says despite the absence of a full lockdown immunity to covid is far from levels that could halt its destructive powers"
"554",2020-07-18,"a coronavirus antibody test backed by the uk government was accurate in secret human trials held last month the telegraph reports"
"555",2020-07-18,"tunisia's leaders defeated coronavirus now they're the problem"
"556",2020-07-18,"africa looks for culprits in deepening coronavirus crisis"
"557",2020-07-18,"the official number of deaths linked to covid in south africa doesn't reflect the true scale of the crisis health experts say"
"558",2020-07-18,"the international race for a coronavirus vaccine has escalated to a treacherous new level"
"559",2020-07-18,"oxford's covid vaccine devised by sarah gilbert is in human trials astrazeneca has lined up agreements to produce billion doses now the world waits via bw"
"560",2020-07-18,"gold's rally is putting miners on track for their longest winning streak in more than a year as investors continue to flock to safe havens due to the coronavirus crisis"
"561",2020-07-18,"the next planned sitting of australia's parliament is set to be canceled because of risks posed by the nation's coronavirus outbreak"
"562",2020-07-18,"oxford's covid vaccine devised by sarah gilbert is months ahead of the competition"
"563",2020-07-18,"i would rather have less money to have a better world but ok my punishment is i have more money to have a more fed world this is how the coronavirus pandemic unfolds when you are a wall street billionaire"
"564",2020-07-18,"for six weeks georgia was a model for states eager to end shutdowns but now covid cases are surging"
"565",2020-07-17,"the who says brazil's outbreak has reached a plateau one day after it surpassed million coronavirus cases"
"566",2020-07-17,"should you wear a face mask how far apart should you keep from others put your covid knowledge to the test"
"567",2020-07-17,"moderna's covid vaccine shows promise"
"568",2020-07-17,"hong kong is emerging as a case study of how the coronavirus is affecting vulnerable members of society and widening inequality"
"569",2020-07-17,"it's the most advanced vaccine anywhere oxford's covid vaccine devised by sarah gilbert is months ahead of the competition"
"570",2020-07-17,"uk dealmaker hugh osmond says he's aiming to raise million to invest in a company that has been hit by the coronavirus pandemic"
"571",2020-07-17,"a court approves cirque du soleil's agreement with lenders setting up a battle over the global performance troupe kneecapped covid shutdowns"
"572",2020-07-17,"google said it will block more ads from websites that promote conspiracy theories about covid"
"573",2020-07-17,"just in california ordered public schools in the state's hardesthit counties to move to onlineonly classes until the coronavirus is under control in that area"
